Eden Hazard,Neymar,Arjen Robben,Zlatan Ibrahimovic,Andres Iniesta,Lionel Messi,Mesut Oezil,Manuel Neuer,Luis Suarez,Cristiano Ronaldo
51.0,73.0,87.0,87.0,83.5,85.5,70.0,72.0,66.5,89.0
51.0,None,84.0,88.0,86.0,90.0,72.5,81.0,74.0,91.0
71.5,73.0,85.5,88.5,86.0,90.0,78.0,82.0,80.5,89.5
80.0,77.5,86.5,86.5,87.0,90.0,82.0,84.5,82.5,89.0
83.5,82.5,88.5,87.0,89.0,92.0,85.0,86.0,83.5,90.5
86.0,85.0,88.5,88.0,90.5,94.0,86.5,87.0,86.0,92.0
85.0,83.4285714286,87.4,89.0,89.75,94.0,87.0,86.0,86.0769230769,92.0
87.5,85.25,88.8,89.75,89.0,93.3333333333,86.7777777778,87.5,88.3333333333,92.0
88.4,88.5,90.0,89.0,88.0,93.4285714286,86.3333333333,90.0,89.2857142857,92.6