Zlatan Ibrahimovic,Arjen Robben,Manuel Neuer,Mesut Oezil,Neymar,Luis Suarez,Lionel Messi,Andres Iniesta,Cristiano Ronaldo,Eden Hazard
87.0,87.0,72.0,70.0,73.0,66.5,85.5,83.5,89.0,51.0
88.0,84.0,81.0,72.5,None,74.0,90.0,86.0,91.0,51.0
88.5,85.5,82.0,78.0,73.0,80.5,90.0,86.0,89.5,71.5
86.5,86.5,84.5,82.0,77.5,82.5,90.0,87.0,89.0,80.0
87.0,88.5,86.0,85.0,82.5,83.5,92.0,89.0,90.5,83.5
88.0,88.5,87.0,86.5,85.0,86.0,94.0,90.5,92.0,86.0
89.0,87.4,86.0,87.0,83.4285714286,86.0769230769,94.0,89.75,92.0,85.0
89.75,88.8,87.5,86.7777777778,85.25,88.3333333333,93.3333333333,89.0,92.0,87.5
89.0,90.0,90.0,86.3333333333,88.5,89.2857142857,93.4285714286,88.0,92.6,88.4
