Mesut Oezil,Manuel Neuer,Arjen Robben,Cristiano Ronaldo,Neymar,Eden Hazard,Zlatan Ibrahimovic,Luis Suarez,Lionel Messi,Andres Iniesta
70.0,72.0,87.0,89.0,73.0,51.0,87.0,66.5,85.5,83.5
72.5,81.0,84.0,91.0,None,51.0,88.0,74.0,90.0,86.0
78.0,82.0,85.5,89.5,73.0,71.5,88.5,80.5,90.0,86.0
82.0,84.5,86.5,89.0,77.5,80.0,86.5,82.5,90.0,87.0
85.0,86.0,88.5,90.5,82.5,83.5,87.0,83.5,92.0,89.0
86.5,87.0,88.5,92.0,85.0,86.0,88.0,86.0,94.0,90.5
87.0,86.0,87.4,92.0,83.4285714286,85.0,89.0,86.0769230769,94.0,89.75
86.7777777778,87.5,88.8,92.0,85.25,87.5,89.75,88.3333333333,93.3333333333,89.0
86.3333333333,90.0,90.0,92.6,88.5,88.4,89.0,89.2857142857,93.4285714286,88.0
